run_id,cell_id,query,source_file,row_index,text_id,year,genre,source,agreement_value,label,counts_as_target,counts_as_denominator,notes,snippet
2026-06-09-majority-minority-kwic,majority-minority-confirmatory,a majority of people are,raw/majority-minority-confirmatory/kwic/01-a-majority-of-people-are.json,1,4104281,2012,SPOK,NPR_ATC,plural_present,target_plural_agreement,yes,yes,"queried NP is the apparent agreement controller in KWIC context, including negative/contraction realizations","has to be represented by unions. (SOUNDBITE-OF-MUSIC HAROLD-MEYERSON: Well, middle-class wages for a majority of people are largely the invention of American unions. JACKI-LYDEN: Harold Meyerson is a"
2026-06-09-majority-minority-kwic,majority-minority-confirmatory,a majority of people are,raw/majority-minority-confirmatory/kwic/01-a-majority-of-people-are.json,2,5179812,2012,BLOG,thestir.cafemom.com,plural_present,target_plural_agreement,yes,yes,"queried NP is the apparent agreement controller in KWIC context, including negative/contraction realizations","are really only as good as the people who vote for them. If a majority of people are like Neel elect our president, one has to assume that president"
2026-06-09-majority-minority-kwic,majority-minority-confirmatory,a majority of people are,raw/majority-minority-confirmatory/kwic/01-a-majority-of-people-are.json,3,5186167,2012,BLOG,blogs.ajc.com,plural_present,target_plural_agreement,yes,yes,"queried NP is the apparent agreement controller in KWIC context, including negative/contraction realizations","of this country, things will not change -- until, of course, a majority of people are not privileged enough. # At some point, we as a"
2026-06-09-majority-minority-kwic,majority-minority-confirmatory,a majority of people are,raw/majority-minority-confirmatory/kwic/01-a-majority-of-people-are.json,4,5189770,2012,BLOG,...ainstthemanchine.com,plural_present,target_plural_agreement,yes,yes,"queried NP is the apparent agreement controller in KWIC context, including negative/contraction realizations","They have advertised this mentality to us. The really sad thing is that a majority of people are buying into it. # Where does corporate culture come from,"
2026-06-09-majority-minority-kwic,majority-minority-confirmatory,a majority of people are,raw/majority-minority-confirmatory/kwic/01-a-majority-of-people-are.json,5,5203673,2012,BLOG,lifeboat.com,plural_present,target_plural_agreement,yes,yes,"queried NP is the apparent agreement controller in KWIC context, including negative/contraction realizations",most important skill required in society today. Until the time when all or a majority of people are able to act with sustained rationality and functionality in an unfamiliar situation
2026-06-09-majority-minority-kwic,majority-minority-confirmatory,a majority of people are,raw/majority-minority-confirmatory/kwic/01-a-majority-of-people-are.json,6,29997,2006,SPOK,CNN_Zahn,plural_present,target_plural_agreement,yes,yes,"queried NP is the apparent agreement controller in KWIC context, including negative/contraction realizations","strategy. It gives their country more influence in the Muslim world, where a majority of people are critical of the U.S.' role in Iraq and its continuing support"
2026-06-09-majority-minority-kwic,majority-minority-confirmatory,a majority of people are,raw/majority-minority-confirmatory/kwic/01-a-majority-of-people-are.json,7,2024275,1991,MAG,NewRepublic,plural_present,target_plural_agreement,yes,yes,"queried NP is the apparent agreement controller in KWIC context, including negative/contraction realizations",. Since then it has declined further still. Today sleep experts claim that a majority of people are sleeping an hour to ninety minutes a night less than they should
2026-06-09-majority-minority-kwic,majority-minority-confirmatory,the majority of people are,raw/majority-minority-confirmatory/kwic/03-the-majority-of-people-are.json,1,5001073,2019,SPOK,PBS_Newshour,plural_present,target_plural_agreement,yes,yes,"queried NP is the apparent agreement controller in KWIC context, including negative/contraction realizations","did. DEVANTE SMITH-PELLY: That type of thinking, that's not how the majority of people are thinking. That's a small group of ignorant people that are"
2026-06-09-majority-minority-kwic,majority-minority-confirmatory,the majority of people are,raw/majority-minority-confirmatory/kwic/03-the-majority-of-people-are.json,2,5018301,2019,NEWS,Columbus Dispatch,plural_present,target_plural_agreement,yes,yes,"queried NP is the apparent agreement controller in KWIC context, including negative/contraction realizations",to form a nonpartisan ticket for the 2020 presidential election. I believe that the majority of people are moderates closer to the center than the right or the left and
2026-06-09-majority-minority-kwic,majority-minority-confirmatory,the majority of people are,raw/majority-minority-confirmatory/kwic/03-the-majority-of-people-are.json,3,4172666,2017,SPOK,CNN: Primetime Justice,plural_present,target_plural_agreement,yes,yes,"queried NP is the apparent agreement controller in KWIC context, including negative/contraction realizations","number of people contacting us. At this point, I would say that the majority of people are sending their best to us. They're concerned about us."
2026-06-09-majority-minority-kwic,majority-minority-confirmatory,the majority of people are,raw/majority-minority-confirmatory/kwic/03-the-majority-of-people-are.json,4,4170225,2016,ACAD,The Review of Metaphysics,plural_present,target_plural_agreement,yes,yes,"queried NP is the apparent agreement controller in KWIC context, including negative/contraction realizations","or instead is something that can be dragged around like a slave, as the majority of people are said to think. The proper interpretation of this discussion remains controversial"
2026-06-09-majority-minority-kwic,majority-minority-confirmatory,the majority of people are,raw/majority-minority-confirmatory/kwic/03-the-majority-of-people-are.json,5,5260437,2016,MOV,Food Choices,plural_present,target_plural_agreement,yes,yes,"queried NP is the apparent agreement controller in KWIC context, including negative/contraction realizations",disease. it left me basically practicing I think the kind of medicine that the majority of people are which is pharmaceutical based medicine and I don't have a problem
2026-06-09-majority-minority-kwic,majority-minority-confirmatory,the majority of people are,raw/majority-minority-confirmatory/kwic/03-the-majority-of-people-are.json,6,4125383,2015,SPOK,NBC: Today Show,plural_present,target_plural_agreement,yes,yes,"queried NP is the apparent agreement controller in KWIC context, including negative/contraction realizations","there, but a middle initial can sometimes distinguish you from the crowd because the majority of people aren't using their middle initials. WILLIE-GEIST# It's a little effective"
2026-06-09-majority-minority-kwic,majority-minority-confirmatory,the majority of people are,raw/majority-minority-confirmatory/kwic/03-the-majority-of-people-are.json,7,4133646,2015,NEWS,Denver,plural_present,target_plural_agreement,yes,yes,"queried NP is the apparent agreement controller in KWIC context, including negative/contraction realizations","on the store's front window. "" It's hard to say if the majority of people are coming in because they are seeing our POS (point of sale"
2026-06-09-majority-minority-kwic,majority-minority-confirmatory,the majority of people are,raw/majority-minority-confirmatory/kwic/03-the-majority-of-people-are.json,8,4128140,2012,NEWS,CSMonitor,plural_present,target_plural_agreement,yes,yes,"queried NP is the apparent agreement controller in KWIC context, including negative/contraction realizations","rainfall are expected to most affect farmers in developing countries like India, where the majority of people are still employed in agriculture and most farms depend on monsoon rains for"
2026-06-09-majority-minority-kwic,majority-minority-confirmatory,the majority of people are,raw/majority-minority-confirmatory/kwic/03-the-majority-of-people-are.json,9,5027033,2012,WEB,etiquettescholar.com,plural_present,target_plural_agreement,yes,yes,"queried NP is the apparent agreement controller in KWIC context, including negative/contraction realizations","an arrangement determined by the dining occasion. At a formal affair, because the majority of people are right-handed, stemware is aligned symmetrically at the top right of the"
2026-06-09-majority-minority-kwic,majority-minority-confirmatory,the majority of people are,raw/majority-minority-confirmatory/kwic/03-the-majority-of-people-are.json,10,5032810,2012,WEB,reddit.com,plural_present,target_plural_agreement,yes,yes,"queried NP is the apparent agreement controller in KWIC context, including negative/contraction realizations",", smaller companies simply can not give the same deals and service. # The majority of people aren't like electricsandwich, they're like you. They'll shop"
2026-06-09-majority-minority-kwic,majority-minority-confirmatory,the majority of people are,raw/majority-minority-confirmatory/kwic/03-the-majority-of-people-are.json,11,5035016,2012,WEB,glennbeck.com,plural_present,target_plural_agreement,yes,yes,"queried NP is the apparent agreement controller in KWIC context, including negative/contraction realizations",someone into power? OH wait. You tried and failed miserably. Because the majority of people aren't stupid enough to believe all the lies set fourth by guys
2026-06-09-majority-minority-kwic,majority-minority-confirmatory,the majority of people are,raw/majority-minority-confirmatory/kwic/03-the-majority-of-people-are.json,12,5037833,2012,WEB,imdb.com,plural_present,target_plural_agreement,yes,yes,"queried NP is the apparent agreement controller in KWIC context, including negative/contraction realizations","Love them or hate them, there's no getting around the fact that the majority of people are fans of the Transformers movies. All three have been a huge"
2026-06-09-majority-minority-kwic,majority-minority-confirmatory,the majority of people are,raw/majority-minority-confirmatory/kwic/03-the-majority-of-people-are.json,13,5038136,2012,WEB,undergod.procon.org,plural_present,target_plural_agreement,yes,yes,"queried NP is the apparent agreement controller in KWIC context, including negative/contraction realizations",and other religions? What about them? # I don't care if the majority of people are Christains. SO! But since when do the majority decide what
2026-06-09-majority-minority-kwic,majority-minority-confirmatory,the majority of people are,raw/majority-minority-confirmatory/kwic/03-the-majority-of-people-are.json,14,5044153,2012,WEB,goodreads.com,plural_present,target_plural_agreement,yes,yes,"queried NP is the apparent agreement controller in KWIC context, including negative/contraction realizations",""" The Genius in All of Us "" David Shenk tells us about how the majority of people are unable to reach their full intellectual potential due to various factors within"
2026-06-09-majority-minority-kwic,majority-minority-confirmatory,the majority of people are,raw/majority-minority-confirmatory/kwic/03-the-majority-of-people-are.json,16,5044404,2012,WEB,2knowmyself.com (1),plural_present,target_plural_agreement,yes,yes,"queried NP is the apparent agreement controller in KWIC context, including negative/contraction realizations",happy. Why follow the crowd then?? When you find that the majority of people are happily singing and dancing in the streets then forget about your mind
2026-06-09-majority-minority-kwic,majority-minority-confirmatory,the majority of people are,raw/majority-minority-confirmatory/kwic/03-the-majority-of-people-are.json,17,5044404,2012,WEB,2knowmyself.com,plural_present,target_plural_agreement,yes,yes,"queried NP is the apparent agreement controller in KWIC context, including negative/contraction realizations",fears and make rational calculations. # In most cases you will find that the majority of people are miserable and that you must never follow them. People will always
2026-06-09-majority-minority-kwic,majority-minority-confirmatory,the majority of people are,raw/majority-minority-confirmatory/kwic/03-the-majority-of-people-are.json,18,5046458,2012,WEB,droid-life.com,plural_present,target_plural_agreement,yes,yes,"queried NP is the apparent agreement controller in KWIC context, including negative/contraction realizations",", sure they know the alternatives and iPhone works best for them. But the majority of people are clueless and just want one to be hip. Using that logic"
2026-06-09-majority-minority-kwic,majority-minority-confirmatory,the majority of people are,raw/majority-minority-confirmatory/kwic/03-the-majority-of-people-are.json,19,5055672,2012,WEB,washingtonpost.com,plural_present,target_plural_agreement,yes,yes,"queried NP is the apparent agreement controller in KWIC context, including negative/contraction realizations","have decisions imposed upon them without having any opportunity to influence those decisions. The majority of people are natural followers, not leaders, but they like to have direct"
2026-06-09-majority-minority-kwic,majority-minority-confirmatory,the majority of people are,raw/majority-minority-confirmatory/kwic/03-the-majority-of-people-are.json,20,5056191,2012,WEB,baselinescenario.com,plural_present,target_plural_agreement,yes,yes,"queried NP is the apparent agreement controller in KWIC context, including negative/contraction realizations",", I owe and I owe. > # HANG IN THERE PRESIDENT.... the majority of people are resistant to change... especially the ones that are not effected either"
2026-06-09-majority-minority-kwic,majority-minority-confirmatory,the majority of people are,raw/majority-minority-confirmatory/kwic/03-the-majority-of-people-are.json,21,5059906,2012,WEB,zdnet.com,plural_present,target_plural_agreement,yes,yes,"queried NP is the apparent agreement controller in KWIC context, including negative/contraction realizations","has more movies and TV shows available, but it has pretty much everything the majority of people are going to be looking for. Not only that but their whole"
2026-06-09-majority-minority-kwic,majority-minority-confirmatory,the majority of people are,raw/majority-minority-confirmatory/kwic/03-the-majority-of-people-are.json,22,5077711,2012,WEB,mrmoneymustache.com,plural_present,target_plural_agreement,yes,yes,"queried NP is the apparent agreement controller in KWIC context, including negative/contraction realizations",", many people do not ride bikes. This is an interesting thing because the majority of people are very poor and having a bike would save them money and time"
2026-06-09-majority-minority-kwic,majority-minority-confirmatory,the majority of people are,raw/majority-minority-confirmatory/kwic/03-the-majority-of-people-are.json,23,5082683,2012,WEB,investopedia.com,plural_present,target_plural_agreement,yes,yes,"queried NP is the apparent agreement controller in KWIC context, including negative/contraction realizations","whether inflation is anticipated or unanticipated. If the inflation rate corresponds to what the majority of people are expecting (anticipated inflation), then we can compensate and the"
2026-06-09-majority-minority-kwic,majority-minority-confirmatory,the majority of people are,raw/majority-minority-confirmatory/kwic/03-the-majority-of-people-are.json,24,5089783,2012,WEB,abcnews.go.com,plural_present,target_plural_agreement,yes,yes,"queried NP is the apparent agreement controller in KWIC context, including negative/contraction realizations",are running for re-election also stay away. They make that recommendation as if the majority of people are not laughing their butts off at the stupidity of this approach.
2026-06-09-majority-minority-kwic,majority-minority-confirmatory,the majority of people are,raw/majority-minority-confirmatory/kwic/03-the-majority-of-people-are.json,25,5093961,2012,WEB,...d-times-prophecy.org,plural_present,target_plural_agreement,yes,yes,"queried NP is the apparent agreement controller in KWIC context, including negative/contraction realizations","compassionate about helping others and putting Christ Jesus first in their lives, but the majority of people are really only interested in themselves. People's lives are so saturated"
2026-06-09-majority-minority-kwic,majority-minority-confirmatory,the majority of people are,raw/majority-minority-confirmatory/kwic/03-the-majority-of-people-are.json,26,5096411,2012,WEB,...owerofintroverts.com,plural_present,target_plural_agreement,yes,yes,"queried NP is the apparent agreement controller in KWIC context, including negative/contraction realizations",also told him he's OK and to feel good about himself. # The majority of people are non-compos. It is no surprise that the majority of teachers think
2026-06-09-majority-minority-kwic,majority-minority-confirmatory,the majority of people are,raw/majority-minority-confirmatory/kwic/03-the-majority-of-people-are.json,27,5096556,2012,WEB,spectator.org,plural_present,target_plural_agreement,yes,yes,"queried NP is the apparent agreement controller in KWIC context, including negative/contraction realizations",a health plan have a corporate manager siphoning away their access to coverage and the majority of people are NOT happy with the state of affairs. Those without health care
2026-06-09-majority-minority-kwic,majority-minority-confirmatory,the majority of people are,raw/majority-minority-confirmatory/kwic/03-the-majority-of-people-are.json,28,5099497,2012,WEB,sivers.org,plural_present,target_plural_agreement,yes,yes,"queried NP is the apparent agreement controller in KWIC context, including negative/contraction realizations",# Now more then ever you need to have thick skin cause it seems the majority of people are just waiting to take the piss out of you for no reason
2026-06-09-majority-minority-kwic,majority-minority-confirmatory,the majority of people are,raw/majority-minority-confirmatory/kwic/03-the-majority-of-people-are.json,29,5099497,2012,WEB,sivers.org,plural_present,target_plural_agreement,yes,yes,"queried NP is the apparent agreement controller in KWIC context, including negative/contraction realizations","felt it was one of the best marketing books i've ever encountered. the majority of people are in a service economy, and corporate culture does best when this"
2026-06-09-majority-minority-kwic,majority-minority-confirmatory,the majority of people are,raw/majority-minority-confirmatory/kwic/03-the-majority-of-people-are.json,30,5104706,2012,WEB,...ientificamerican.com,plural_present,target_plural_agreement,yes,yes,"queried NP is the apparent agreement controller in KWIC context, including negative/contraction realizations","of most people not being "" Creationists "" otherwise, I'm pretty sure the majority of people are not secular, no-god-even-in-the-gaps evolutionary biology sympathizers. # The whole idea"
2026-06-09-majority-minority-kwic,majority-minority-confirmatory,the majority of people are,raw/majority-minority-confirmatory/kwic/03-the-majority-of-people-are.json,31,5106616,2012,WEB,inoveryourhead.net,plural_present,target_plural_agreement,yes,yes,"queried NP is the apparent agreement controller in KWIC context, including negative/contraction realizations","name came up. Ironic. Love the article. Only problem is that the majority of people are beginning to not "" give a fuck "", and the result"
2026-06-09-majority-minority-kwic,majority-minority-confirmatory,the majority of people are,raw/majority-minority-confirmatory/kwic/03-the-majority-of-people-are.json,32,5106700,2012,WEB,barnesandnoble.com,plural_present,target_plural_agreement,yes,yes,"queried NP is the apparent agreement controller in KWIC context, including negative/contraction realizations",also makes an impact. Paul Revere sent his message in the evening because the majority of people are sleeping and when they are woken up by a noise they are
2026-06-09-majority-minority-kwic,majority-minority-confirmatory,the majority of people are,raw/majority-minority-confirmatory/kwic/03-the-majority-of-people-are.json,33,5250783,2012,WEB,huffingtonpost.com,plural_present,target_plural_agreement,yes,yes,"queried NP is the apparent agreement controller in KWIC context, including negative/contraction realizations","make sense to you that we have to do more with less, yet the majority of people are still seen as bodies instead of brains? # So what will"
2026-06-09-majority-minority-kwic,majority-minority-confirmatory,the majority of people are,raw/majority-minority-confirmatory/kwic/03-the-majority-of-people-are.json,34,5250905,2012,WEB,...square.blogs.cnn.com,plural_present,target_plural_agreement,yes,yes,"queried NP is the apparent agreement controller in KWIC context, including negative/contraction realizations",'s losing interest from the money they printed thanks to fractional reserve banking. The majority of people are tapped out and can not be taxed further so the only option
2026-06-09-majority-minority-kwic,majority-minority-confirmatory,the majority of people are,raw/majority-minority-confirmatory/kwic/03-the-majority-of-people-are.json,35,5252505,2012,WEB,mnn.com,plural_present,target_plural_agreement,yes,yes,"queried NP is the apparent agreement controller in KWIC context, including negative/contraction realizations","pride yourself on being a good judge of character, crime stats show that the majority of people are wrong... and often. # In the 1997 bestseller "" The"
2026-06-09-majority-minority-kwic,majority-minority-confirmatory,the majority of people are,raw/majority-minority-confirmatory/kwic/03-the-majority-of-people-are.json,36,5254178,2012,WEB,lonelyplanet.com,plural_present,target_plural_agreement,yes,yes,"queried NP is the apparent agreement controller in KWIC context, including negative/contraction realizations","world to have an impact. Uganda is certainly a place worth visiting, the majority of people are exceptionally welcoming, and I agree with editor Tom that travellers from"
2026-06-09-majority-minority-kwic,majority-minority-confirmatory,the majority of people are,raw/majority-minority-confirmatory/kwic/03-the-majority-of-people-are.json,37,5255632,2012,WEB,ritholtz.com,plural_present,target_plural_agreement,yes,yes,"queried NP is the apparent agreement controller in KWIC context, including negative/contraction realizations",the corporate/wealthy elite's agenda is relentlessly pushed forward. The actual deisres of the majority of people are simply steamrolled so over time people get disheartened and confused and they
2026-06-09-majority-minority-kwic,majority-minority-confirmatory,the majority of people are,raw/majority-minority-confirmatory/kwic/03-the-majority-of-people-are.json,38,5255869,2012,WEB,ericgarland.co,plural_present,target_plural_agreement,yes,yes,"queried NP is the apparent agreement controller in KWIC context, including negative/contraction realizations","http: **35;12590;TOOLONG... Bob # Yes, I'm sure that's what the majority of people are using it for. And Viagra is actually just heart medication."
2026-06-09-majority-minority-kwic,majority-minority-confirmatory,the majority of people are,raw/majority-minority-confirmatory/kwic/03-the-majority-of-people-are.json,39,5257052,2012,WEB,clutterer.com,plural_present,target_plural_agreement,yes,yes,"queried NP is the apparent agreement controller in KWIC context, including negative/contraction realizations","in popular culture go unnoticed in an office of over a hundred, wherein the majority of people are in the 20 to 40 age bracket? # Over the past"
2026-06-09-majority-minority-kwic,majority-minority-confirmatory,the majority of people are,raw/majority-minority-confirmatory/kwic/03-the-majority-of-people-are.json,40,5112788,2012,BLOG,...discovermagazine.com,plural_present,target_plural_agreement,yes,yes,"queried NP is the apparent agreement controller in KWIC context, including negative/contraction realizations",doubtless have had a different outcome. But much of the result is because the majority of people are not in your financial situation. # And many do not simply
2026-06-09-majority-minority-kwic,majority-minority-confirmatory,the majority of people are,raw/majority-minority-confirmatory/kwic/03-the-majority-of-people-are.json,41,5113951,2012,BLOG,psychtronics.com,plural_present,target_plural_agreement,yes,yes,"queried NP is the apparent agreement controller in KWIC context, including negative/contraction realizations",if most people got the psychology of attraction correctly but the truth is that the majority of people are completely uneducated about such an important topic. # If you do
2026-06-09-majority-minority-kwic,majority-minority-confirmatory,the majority of people are,raw/majority-minority-confirmatory/kwic/03-the-majority-of-people-are.json,42,5116763,2012,BLOG,...oices.kansascity.com,plural_present,target_plural_agreement,yes,yes,"queried NP is the apparent agreement controller in KWIC context, including negative/contraction realizations","scary. # Then again, it is democratic state. As long as the majority of people are happy with the consequence of one-party rule, be it tax cut"
2026-06-09-majority-minority-kwic,majority-minority-confirmatory,the majority of people are,raw/majority-minority-confirmatory/kwic/03-the-majority-of-people-are.json,43,5119113,2012,BLOG,...eoples.wordpress.com,plural_present,target_plural_agreement,yes,yes,"queried NP is the apparent agreement controller in KWIC context, including negative/contraction realizations",world. People like me veiw you folks are a microcosm of society. The majority of people are now acting on thoughts produced from a reaction to some emotional sequence
2026-06-09-majority-minority-kwic,majority-minority-confirmatory,the majority of people are,raw/majority-minority-confirmatory/kwic/03-the-majority-of-people-are.json,44,5121221,2012,BLOG,cal-catholic.com,plural_present,target_plural_agreement,yes,yes,"queried NP is the apparent agreement controller in KWIC context, including negative/contraction realizations","is between one and one woman, too. Also, India, where the majority of people are Hindu, outlawed so-called same-sex marriages, so most Hindus do not"
2026-06-09-majority-minority-kwic,majority-minority-confirmatory,the majority of people are,raw/majority-minority-confirmatory/kwic/03-the-majority-of-people-are.json,45,5123266,2012,BLOG,...s.idahostatesman.com,plural_present,target_plural_agreement,yes,yes,"queried NP is the apparent agreement controller in KWIC context, including negative/contraction realizations","money comes from? That is small potatoes. # Let's see, the majority of people are not stupid enough to vote straight party lines. They prefer to"
2026-06-09-majority-minority-kwic,majority-minority-confirmatory,the majority of people are,raw/majority-minority-confirmatory/kwic/03-the-majority-of-people-are.json,46,5124322,2012,BLOG,dailycollegian.com,plural_present,target_plural_agreement,yes,yes,"queried NP is the apparent agreement controller in KWIC context, including negative/contraction realizations","based on markets and profit, and it is still dominated by corporations. The majority of people are still employed by profit-seeking companies, and still do not have control"
2026-06-09-majority-minority-kwic,majority-minority-confirmatory,the majority of people are,raw/majority-minority-confirmatory/kwic/03-the-majority-of-people-are.json,47,5127994,2012,BLOG,nwn.blogs.com,plural_present,target_plural_agreement,yes,yes,"queried NP is the apparent agreement controller in KWIC context, including negative/contraction realizations","has the tools to do it just the same as you. However, the majority of people aren't thieves. # I suggest you don't believe the hype"
2026-06-09-majority-minority-kwic,majority-minority-confirmatory,the majority of people are,raw/majority-minority-confirmatory/kwic/03-the-majority-of-people-are.json,48,5129062,2012,BLOG,blogs.cbn.com,plural_present,target_plural_agreement,yes,yes,"queried NP is the apparent agreement controller in KWIC context, including negative/contraction realizations","is the claim that our country is a Christian Nation... not just that the majority of people are Christians, but that the country itself was founded by Christians,"
2026-06-09-majority-minority-kwic,majority-minority-confirmatory,the majority of people are,raw/majority-minority-confirmatory/kwic/03-the-majority-of-people-are.json,49,5129704,2012,BLOG,whatever.scalzi.com,plural_present,target_plural_agreement,yes,yes,"queried NP is the apparent agreement controller in KWIC context, including negative/contraction realizations","Americans. I realize that sounds condescending, but I just don't think the majority of people are very interested in politics beyond their backyard. But I wouldn't"
2026-06-09-majority-minority-kwic,majority-minority-confirmatory,the majority of people are,raw/majority-minority-confirmatory/kwic/03-the-majority-of-people-are.json,50,5134183,2012,BLOG,phaseframe.com,plural_present,target_plural_agreement,yes,yes,"queried NP is the apparent agreement controller in KWIC context, including negative/contraction realizations","a good way to break up with a woman, but it is how the majority of people are breaking up these days. In a fluid, "" I did"
2026-06-09-majority-minority-kwic,majority-minority-confirmatory,the majority of people are,raw/majority-minority-confirmatory/kwic/03-the-majority-of-people-are.json,51,5139849,2012,BLOG,blog.chegg.com,plural_present,target_plural_agreement,yes,yes,"queried NP is the apparent agreement controller in KWIC context, including negative/contraction realizations",How do we get these new ideas to be implemented. Everyone knows that the majority of people are not into stepping out of their comfort zone and changing something that
2026-06-09-majority-minority-kwic,majority-minority-confirmatory,the majority of people are,raw/majority-minority-confirmatory/kwic/03-the-majority-of-people-are.json,52,5142614,2012,BLOG,teal915.blogspot.com,plural_present,target_plural_agreement,yes,yes,"queried NP is the apparent agreement controller in KWIC context, including negative/contraction realizations","analyze the comments that people make. # Then, you will realize that the majority of people are well meaning, and you really can't fault someone for not"
2026-06-09-majority-minority-kwic,majority-minority-confirmatory,the majority of people are,raw/majority-minority-confirmatory/kwic/03-the-majority-of-people-are.json,53,5145097,2012,BLOG,scam.com,plural_present,target_plural_agreement,yes,yes,"queried NP is the apparent agreement controller in KWIC context, including negative/contraction realizations","them the government has food stamps, public transportation and welfare housing. Still the majority of people are self-sufficient in these areas and aren't going to stand by and"
2026-06-09-majority-minority-kwic,majority-minority-confirmatory,the majority of people are,raw/majority-minority-confirmatory/kwic/03-the-majority-of-people-are.json,54,5146463,2012,BLOG,...teampunkmagazine.com,plural_present,target_plural_agreement,yes,yes,"queried NP is the apparent agreement controller in KWIC context, including negative/contraction realizations","constructed concept: that of the "" dominant culture, "" the one that the majority of people are told they identify with. In the case of North America and"
2026-06-09-majority-minority-kwic,majority-minority-confirmatory,the majority of people are,raw/majority-minority-confirmatory/kwic/03-the-majority-of-people-are.json,55,5147408,2012,BLOG,...tgodhealamputees.com,plural_present,target_plural_agreement,yes,yes,"queried NP is the apparent agreement controller in KWIC context, including negative/contraction realizations","intelligent people? "" # LOL! It isn't. By definition, the majority of people are NOT reasonable, intelligent people. The majority of people are of"
2026-06-09-majority-minority-kwic,majority-minority-confirmatory,the majority of people are,raw/majority-minority-confirmatory/kwic/03-the-majority-of-people-are.json,56,5147408,2012,BLOG,...tgodhealamputees.com,plural_present,target_plural_agreement,yes,yes,"queried NP is the apparent agreement controller in KWIC context, including negative/contraction realizations","By definition, the majority of people are NOT reasonable, intelligent people. The majority of people are of average and below-average intelligence. And the truth of the matter"
2026-06-09-majority-minority-kwic,majority-minority-confirmatory,the majority of people are,raw/majority-minority-confirmatory/kwic/03-the-majority-of-people-are.json,57,5147755,2012,BLOG,feministe.us,plural_present,target_plural_agreement,yes,yes,"queried NP is the apparent agreement controller in KWIC context, including negative/contraction realizations","like they just did in Russia, prolly copying us or something). The majority of people are against the law because it prevents right of association and right of"
2026-06-09-majority-minority-kwic,majority-minority-confirmatory,the majority of people are,raw/majority-minority-confirmatory/kwic/03-the-majority-of-people-are.json,58,5148072,2012,BLOG,reason.com,plural_present,target_plural_agreement,yes,yes,"queried NP is the apparent agreement controller in KWIC context, including negative/contraction realizations","good government intervention. I'm from coal country, labor exploitation happened. The majority of people are in love with it, and again as it's like pulling"
2026-06-09-majority-minority-kwic,majority-minority-confirmatory,the majority of people are,raw/majority-minority-confirmatory/kwic/03-the-majority-of-people-are.json,59,5148600,2012,BLOG,blogs.windows.com,plural_present,target_plural_agreement,yes,yes,"queried NP is the apparent agreement controller in KWIC context, including negative/contraction realizations",""" Putting people first. "" Um, not when you remove features that the majority of people aren't using and don't tell the minority what to do."
2026-06-09-majority-minority-kwic,majority-minority-confirmatory,the majority of people are,raw/majority-minority-confirmatory/kwic/03-the-majority-of-people-are.json,60,5158849,2012,BLOG,...gforfood.typepad.com,plural_present,target_plural_agreement,yes,yes,"queried NP is the apparent agreement controller in KWIC context, including negative/contraction realizations","was far cheaper and more affordable. # Lydia Wrote: # "" - The majority of people are not self-motivated independent risk takers. It takes a certain attitude and"
2026-06-09-majority-minority-kwic,majority-minority-confirmatory,the majority of people are,raw/majority-minority-confirmatory/kwic/03-the-majority-of-people-are.json,61,5158849,2012,BLOG,...gforfood.typepad.com,plural_present,target_plural_agreement,yes,yes,"queried NP is the apparent agreement controller in KWIC context, including negative/contraction realizations",experience is learning who they are and what their passions are. # - The majority of people are not self-motivated independent risk takers. It takes a certain attitude and
2026-06-09-majority-minority-kwic,majority-minority-confirmatory,the majority of people are,raw/majority-minority-confirmatory/kwic/03-the-majority-of-people-are.json,62,5160548,2012,BLOG,...sota.publicradio.org,plural_present,target_plural_agreement,yes,yes,"queried NP is the apparent agreement controller in KWIC context, including negative/contraction realizations","issue. We don't have to change a lot of minds, because the majority of people are with us already. "" # Reports filed with the campaign finance"
2026-06-09-majority-minority-kwic,majority-minority-confirmatory,the majority of people are,raw/majority-minority-confirmatory/kwic/03-the-majority-of-people-are.json,63,5162224,2012,BLOG,toptenz.net,plural_present,target_plural_agreement,yes,yes,"queried NP is the apparent agreement controller in KWIC context, including negative/contraction realizations","bill and see how YOU enjoy it. When it comes down to it the majority of people are nice, but you can always count on a few to ruin"
2026-06-09-majority-minority-kwic,majority-minority-confirmatory,the majority of people are,raw/majority-minority-confirmatory/kwic/03-the-majority-of-people-are.json,64,5162224,2012,BLOG,toptenz.net,plural_present,target_plural_agreement,yes,yes,"queried NP is the apparent agreement controller in KWIC context, including negative/contraction realizations","will, of course there are always cheapskates, but I am talking about the MAJORITY of people are FAIR in general and DO TIP WELL. You KNOW IT that"
2026-06-09-majority-minority-kwic,majority-minority-confirmatory,the majority of people are,raw/majority-minority-confirmatory/kwic/03-the-majority-of-people-are.json,65,5162736,2012,BLOG,ckandnate.com,plural_present,target_plural_agreement,yes,yes,"queried NP is the apparent agreement controller in KWIC context, including negative/contraction realizations","some yard sales) we are willing to let the item go. While the majority of people are great and honest and not at all creepy, I don't"
2026-06-09-majority-minority-kwic,majority-minority-confirmatory,the majority of people are,raw/majority-minority-confirmatory/kwic/03-the-majority-of-people-are.json,66,5163279,2012,BLOG,metafilter.com,plural_present,target_plural_agreement,yes,yes,"queried NP is the apparent agreement controller in KWIC context, including negative/contraction realizations","affect us. And as long as we go back to our homes and the majority of people are telling us to do the right thing, let them protest all"
2026-06-09-majority-minority-kwic,majority-minority-confirmatory,the majority of people are,raw/majority-minority-confirmatory/kwic/03-the-majority-of-people-are.json,67,5173961,2012,BLOG,scienceblogs.com,plural_present,target_plural_agreement,yes,yes,"queried NP is the apparent agreement controller in KWIC context, including negative/contraction realizations","of "" decision-making process "", for want of a better term, that the majority of people are familiar with. They just assume that it's the same in"
2026-06-09-majority-minority-kwic,majority-minority-confirmatory,the majority of people are,raw/majority-minority-confirmatory/kwic/03-the-majority-of-people-are.json,68,5180841,2012,BLOG,biofortified.org,plural_present,target_plural_agreement,yes,yes,"queried NP is the apparent agreement controller in KWIC context, including negative/contraction realizations","industry, that would then be passed on to everyone. # In Israel the majority of people are Jewish. Jewish people as a whole care about kosher labelling."
2026-06-09-majority-minority-kwic,majority-minority-confirmatory,the majority of people are,raw/majority-minority-confirmatory/kwic/03-the-majority-of-people-are.json,69,5182193,2012,BLOG,fair.org,plural_present,target_plural_agreement,yes,yes,"queried NP is the apparent agreement controller in KWIC context, including negative/contraction realizations",some sort of government assistance he received in excess of 90%. And since the majority of people are now under some sort f gov help we have now reached a
2026-06-09-majority-minority-kwic,majority-minority-confirmatory,the majority of people are,raw/majority-minority-confirmatory/kwic/03-the-majority-of-people-are.json,70,5183437,2012,BLOG,...socialmediaworks.com,plural_present,target_plural_agreement,yes,yes,"queried NP is the apparent agreement controller in KWIC context, including negative/contraction realizations","sites. That's leverage! Most People Are Visual. # Since the majority of people are visual, having a stunning profile background on Twitter (as well"
2026-06-09-majority-minority-kwic,majority-minority-confirmatory,the majority of people are,raw/majority-minority-confirmatory/kwic/03-the-majority-of-people-are.json,71,5188409,2012,BLOG,...torhousingbubble.com,plural_present,target_plural_agreement,yes,yes,"queried NP is the apparent agreement controller in KWIC context, including negative/contraction realizations",astounding how the banksters have orchestrated their damned for years and years and still the majority of people are clueless as to how it works. The teachers.... lol too
2026-06-09-majority-minority-kwic,majority-minority-confirmatory,the majority of people are,raw/majority-minority-confirmatory/kwic/03-the-majority-of-people-are.json,72,5189962,2012,BLOG,reason.com,plural_present,target_plural_agreement,yes,yes,"queried NP is the apparent agreement controller in KWIC context, including negative/contraction realizations","fetuses that survive the initial abortion. # It's all about framing when the majority of people are in the mushy middle. # It's not that they """
2026-06-09-majority-minority-kwic,majority-minority-confirmatory,the majority of people are,raw/majority-minority-confirmatory/kwic/03-the-majority-of-people-are.json,73,5199020,2012,BLOG,reason.com,plural_present,target_plural_agreement,yes,yes,"queried NP is the apparent agreement controller in KWIC context, including negative/contraction realizations","the way to get power is to get more control. # 2. The majority of people are really misinformed, ignorant or just do nt bother too look at"
2026-06-09-majority-minority-kwic,majority-minority-confirmatory,the majority of people are,raw/majority-minority-confirmatory/kwic/03-the-majority-of-people-are.json,74,5199747,2012,BLOG,lifestoogood.net,plural_present,target_plural_agreement,yes,yes,"queried NP is the apparent agreement controller in KWIC context, including negative/contraction realizations","would consider that they communicate well... # ... in answering that question, the majority of people are most likely considering how good their spoken and written skills are,"
2026-06-09-majority-minority-kwic,majority-minority-confirmatory,the majority of people are,raw/majority-minority-confirmatory/kwic/03-the-majority-of-people-are.json,75,5204027,2012,BLOG,nintendolife.com,plural_present,target_plural_agreement,yes,yes,"queried NP is the apparent agreement controller in KWIC context, including negative/contraction realizations","wait, a lot of people like it so it must be awesome.NEWSFLASH: The majority of people are easily pleased! Take a look at the movie and the music"
2026-06-09-majority-minority-kwic,majority-minority-confirmatory,the majority of people are,raw/majority-minority-confirmatory/kwic/03-the-majority-of-people-are.json,76,5204676,2012,BLOG,sgtreport.com,plural_present,target_plural_agreement,yes,yes,"queried NP is the apparent agreement controller in KWIC context, including negative/contraction realizations","have there people in different places, but I am of the view that the majority of people are good people. Our military are not mindless robots, I know"
2026-06-09-majority-minority-kwic,majority-minority-confirmatory,the majority of people are,raw/majority-minority-confirmatory/kwic/03-the-majority-of-people-are.json,77,5206222,2012,BLOG,thezenapproach.com,plural_present,target_plural_agreement,yes,yes,"queried NP is the apparent agreement controller in KWIC context, including negative/contraction realizations","is impossible to stay focused for hours at a time. In fact, the majority of people are unable to stay intently focused for more than 30-45 minutes. Therefore"
2026-06-09-majority-minority-kwic,majority-minority-confirmatory,the majority of people are,raw/majority-minority-confirmatory/kwic/03-the-majority-of-people-are.json,78,4082139,2010,SPOK,CNN_Cooper,plural_present,target_plural_agreement,yes,yes,"queried NP is the apparent agreement controller in KWIC context, including negative/contraction realizations","record differed from where the majority of Americans polled, where they fall. The majority of people are more identifying with the grassroots movement than they are with people like"
2026-06-09-majority-minority-kwic,majority-minority-confirmatory,the majority of people are,raw/majority-minority-confirmatory/kwic/03-the-majority-of-people-are.json,79,4071490,2009,ACAD,HealthSocialW,plural_present,target_plural_agreement,yes,yes,"queried NP is the apparent agreement controller in KWIC context, including negative/contraction realizations","Bleich et al., 2003). It might reflect a situation in which the majority of people are resilient and cope well with the threat of terrorism, as was"
2026-06-09-majority-minority-kwic,majority-minority-confirmatory,the majority of people are,raw/majority-minority-confirmatory/kwic/03-the-majority-of-people-are.json,80,5220315,2009,MOV,Kymatica,plural_present,target_plural_agreement,yes,yes,"queried NP is the apparent agreement controller in KWIC context, including negative/contraction realizations","the appropriate government agency. With all of this information being readily available, the majority of people are unaware of their involvement with Maritime Admiralty Law. This is possible"
2026-06-09-majority-minority-kwic,majority-minority-confirmatory,the majority of people are,raw/majority-minority-confirmatory/kwic/03-the-majority-of-people-are.json,81,1014433,2007,FIC,MichiganQRev,plural_present,target_plural_agreement,yes,yes,"queried NP is the apparent agreement controller in KWIC context, including negative/contraction realizations","tourists, "" Chris says. As we get closer, I see that the majority of people are clustered around a bearded man. He's holding his cupped hand"
2026-06-09-majority-minority-kwic,majority-minority-confirmatory,the majority of people are,raw/majority-minority-confirmatory/kwic/03-the-majority-of-people-are.json,82,167496,2005,SPOK,MSNBC_Carlson,plural_present,target_plural_agreement,yes,yes,"queried NP is the apparent agreement controller in KWIC context, including negative/contraction realizations",has to be behind a war. You cant continue to fight a war if the majority of people are opposed to it sadly -- all right. (BEGIN VIDEO CLIP
2026-06-09-majority-minority-kwic,majority-minority-confirmatory,the majority of people are,raw/majority-minority-confirmatory/kwic/03-the-majority-of-people-are.json,83,3070119,2005,NEWS,Denver,plural_present,target_plural_agreement,yes,yes,"queried NP is the apparent agreement controller in KWIC context, including negative/contraction realizations","smokers say we need to be more considerate, "" Hackett said. "" The majority of people are concerned about health issues and do not smoke. "" # Or"
2026-06-09-majority-minority-kwic,majority-minority-confirmatory,the majority of people are,raw/majority-minority-confirmatory/kwic/03-the-majority-of-people-are.json,84,3031366,2004,NEWS,USAToday,plural_present,target_plural_agreement,yes,yes,"queried NP is the apparent agreement controller in KWIC context, including negative/contraction realizations","knows what the book on him suggests: Lots of baggage. # "" The majority of people are going to say,' He's a big risk-big reward type"
2026-06-09-majority-minority-kwic,majority-minority-confirmatory,the majority of people are,raw/majority-minority-confirmatory/kwic/03-the-majority-of-people-are.json,85,5211207,2002,MOV,Dark Blue,plural_present,target_plural_agreement,yes,yes,"queried NP is the apparent agreement controller in KWIC context, including negative/contraction realizations",'s very simple. I am a performer of unpleasant tasks. So that the majority of people are free to perform pleasant one's. The last thing I care about
2026-06-09-majority-minority-kwic,majority-minority-confirmatory,the majority of people are,raw/majority-minority-confirmatory/kwic/03-the-majority-of-people-are.json,86,219496,2001,SPOK,CNN_Talkback,plural_present,target_plural_agreement,yes,yes,"queried NP is the apparent agreement controller in KWIC context, including negative/contraction realizations",discriminate against anyone that's gay. UNIDENTIFIED MALE: I still believe that the majority of people are not ready for open-gay relationship and professional athlete even though it might
2026-06-09-majority-minority-kwic,majority-minority-confirmatory,the majority of people are,raw/majority-minority-confirmatory/kwic/03-the-majority-of-people-are.json,87,3069260,2001,NEWS,Denver,plural_present,target_plural_agreement,yes,yes,"queried NP is the apparent agreement controller in KWIC context, including negative/contraction realizations","everything. But I think (all the pampering) is a reflection that the majority of people are good natured and mean well.' # Like Hanson, many"
2026-06-09-majority-minority-kwic,majority-minority-confirmatory,the majority of people are,raw/majority-minority-confirmatory/kwic/03-the-majority-of-people-are.json,88,231275,1998,SPOK,Ind_NewsForum,plural_present,target_plural_agreement,yes,yes,"queried NP is the apparent agreement controller in KWIC context, including negative/contraction realizations","death penalty. PRESSMAN: How do you expect to be elected governor when the majority of people are for the death penalty, according to the polls? Mr-HYNES:"
2026-06-09-majority-minority-kwic,majority-minority-confirmatory,the majority of people are,raw/majority-minority-confirmatory/kwic/03-the-majority-of-people-are.json,89,3042662,1997,NEWS,Atlanta,plural_present,target_plural_agreement,yes,yes,"queried NP is the apparent agreement controller in KWIC context, including negative/contraction realizations","of West Georgia ask older friends to buy alcohol for them. # "" The majority of people aren't getting wasted, "" he said, unless it's on"
2026-06-09-majority-minority-kwic,majority-minority-confirmatory,the majority of people are,raw/majority-minority-confirmatory/kwic/03-the-majority-of-people-are.json,90,236165,1996,SPOK,NPR_ATC,plural_present,target_plural_agreement,yes,yes,"queried NP is the apparent agreement controller in KWIC context, including negative/contraction realizations","the criticism. Lexington County, he says, is a caring community. The majority of people are not racist.' Yes,' he says,' there"
2026-06-09-majority-minority-kwic,majority-minority-confirmatory,the majority of people are,raw/majority-minority-confirmatory/kwic/03-the-majority-of-people-are.json,91,3034128,1996,NEWS,WashPost,plural_present,target_plural_agreement,yes,yes,"queried NP is the apparent agreement controller in KWIC context, including negative/contraction realizations",kids in the race that she wins all the time.' # But the majority of people are very respectful and very interested. I got to know a lot
2026-06-09-majority-minority-kwic,majority-minority-confirmatory,the majority of people are,raw/majority-minority-confirmatory/kwic/03-the-majority-of-people-are.json,92,231914,1995,SPOK,Ind_Limbaugh,plural_present,target_plural_agreement,yes,yes,"queried NP is the apparent agreement controller in KWIC context, including negative/contraction realizations","and the boys are pumping this stuff, because that's where they think the majority of people are. Something to think about. We'll be back with one"
2026-06-09-majority-minority-kwic,majority-minority-confirmatory,the majority of people are,raw/majority-minority-confirmatory/kwic/03-the-majority-of-people-are.json,93,2035355,1995,MAG,RollingStone,plural_present,target_plural_agreement,yes,yes,"queried NP is the apparent agreement controller in KWIC context, including negative/contraction realizations","a lot more the outlying laughs part of it. Because that's where the majority of people are. # When you go out to take a peek beforehand,"
2026-06-09-majority-minority-kwic,majority-minority-confirmatory,the majority of people are,raw/majority-minority-confirmatory/kwic/03-the-majority-of-people-are.json,94,243191,1994,SPOK,ABC_Nightline,plural_present,target_plural_agreement,yes,yes,"queried NP is the apparent agreement controller in KWIC context, including negative/contraction realizations","that if he wants to please the American people in the long run, the majority of people are adamantly opposed to using their private monies to pay for other's- other"
2026-06-09-majority-minority-kwic,majority-minority-confirmatory,the majority of people are,raw/majority-minority-confirmatory/kwic/03-the-majority-of-people-are.json,95,2002633,1994,MAG,MotherEarth,plural_present,target_plural_agreement,yes,yes,"queried NP is the apparent agreement controller in KWIC context, including negative/contraction realizations","business lunch? Studies show that the most productive hours of the day for the majority of people are those between 10:00 A.M. and 3:00 P.M., then diminishing until bedtime"
2026-06-09-majority-minority-kwic,majority-minority-confirmatory,the majority of people are,raw/majority-minority-confirmatory/kwic/03-the-majority-of-people-are.json,96,4005990,1994,ACAD,CompIntlDev,plural_present,target_plural_agreement,yes,yes,"queried NP is the apparent agreement controller in KWIC context, including negative/contraction realizations","to improve income distribution and, thus, may not contribute to development as the majority of people are left severely poor and deprived. Those who criticize the use of"
2026-06-09-majority-minority-kwic,majority-minority-confirmatory,the majority of people are,raw/majority-minority-confirmatory/kwic/03-the-majority-of-people-are.json,97,225088,1993,SPOK,CBS_Morning,plural_present,target_plural_agreement,yes,yes,"queried NP is the apparent agreement controller in KWIC context, including negative/contraction realizations","after she announced she was going to be leaving? Mr-RAE: I think the majority of people are very, very sad that they're going to see the last"
2026-06-09-majority-minority-kwic,majority-minority-confirmatory,the majority of people are,raw/majority-minority-confirmatory/kwic/03-the-majority-of-people-are.json,98,3058396,1992,NEWS,Chicago,plural_present,target_plural_agreement,yes,yes,"queried NP is the apparent agreement controller in KWIC context, including negative/contraction realizations","be on guard to ensure their safety? # I want to believe that the majority of people are good and kind, just like the caring people who were on"
2026-06-09-majority-minority-kwic,majority-minority-confirmatory,the majority of people are,raw/majority-minority-confirmatory/kwic/03-the-majority-of-people-are.json,99,3025612,1990,NEWS,USAToday,plural_present,target_plural_agreement,yes,yes,"queried NP is the apparent agreement controller in KWIC context, including negative/contraction realizations",", and he thinks people are making much ado about nothing. # "" The majority of people aren't against it, "" he says. "" It's always"
2026-06-09-majority-minority-kwic,majority-minority-confirmatory,the majority of people is,raw/majority-minority-confirmatory/kwic/04-the-majority-of-people-is.json,1,5069469,2012,WEB,forbes.com,singular_present,non_subject,no,no,object of protect; is belongs to best way,". This is a load of BS!! The best way to protect the majority of people is to be healthy.. build that immune system, play outdoors,"
2026-06-09-majority-minority-kwic,majority-minority-confirmatory,the majority of people is,raw/majority-minority-confirmatory/kwic/04-the-majority-of-people-is.json,2,137895,2003,SPOK,NPR_TalkNation,singular_present,non_subject,no,no,PP complement from the majority of people; is belongs to reaction,"CONAN: And the most fundamental reaction I would think you would get from the majority of people is that this would be a way of saying that, at least"
2026-06-09-majority-minority-kwic,majority-minority-confirmatory,the majority of people is,raw/majority-minority-confirmatory/kwic/04-the-majority-of-people-is.json,3,244493,1999,SPOK,ABC_Nightline,singular_present,non_subject,no,no,PP complement for the majority of people; is belongs to matrix subject anyone,"is a fantasy now and anybody who talks about it as something realistic for the majority of people is just misleading people. Dr. MICHAEL SAAG: And slowly, initially"
2026-06-09-majority-minority-kwic,majority-minority-confirmatory,the majority of people is,raw/majority-minority-confirmatory/kwic/04-the-majority-of-people-is.json,4,4009330,1999,ACAD,Education,singular_present,non_subject,no,no,of-complement inside world view; is belongs to world view,"of Asian American clients. In most Asian societies, the world view of the majority of people is conditioned by the religious and mystical traditions. Psychological problems are interpreted"
2026-06-09-majority-minority-kwic,majority-minority-confirmatory,the majority of people is,raw/majority-minority-confirmatory/kwic/04-the-majority-of-people-is.json,5,234225,1991,SPOK,ABC_Brinkley,singular_present,nonstandard_or_error,no,yes,"likely nonstandard/error string ""is agree"" with target NP subject; denominator only","going to get rich. Mr. LOPUKHIN: So it seems to me that the majority of people is agree with this system, but you must understand that there is"
